USE employee;

-- Inserción de datos en la tabla Género
INSERT INTO gender (gender) 
VALUES ('M'),
	   ('F');

-- Inserción de datos en la tabla Estado Civil
INSERT INTO marital_status (marital_status) 
VALUES ('Single'),
       ('Married'),
       ('Partners'),
       ('Divorced'),
       ('Widower');

-- Inserción de datos en la tabla Sucursales
INSERT INTO branch (branch) 
VALUES ('Buenos Aires'),
       ('Lima'),
       ('Montevideo');

-- Inserción de datos en la tabla Motivo de Baja
INSERT INTO leave_reason (leave_reason) 
VALUES ('Not provided'),
       ('Absenteeism'),
       ('Performance'),
       ('Toxic Enviroment'),
       ('Higher Salary'),
       ('New Job'),
       ('Maternity'),
       ('Relocation'),
       ('Retirement'),
       ('Too much Work'),
       ('Unclear Duties');

-- Inserción de datos en la tabla Estado Laboral
INSERT INTO status (status) 
VALUES ('Active'),
       ('Other'),
       ('HR Termination'),
       ('Resignation');

-- Inserción de datos en la tabla Departamento
INSERT INTO department (department) 
VALUES ('Production'),
       ('IT/IS'),
	   ('Z Management'),
       ('Sales'),
       ('Administration');

-- Inserción de datos en la tabla Puestos de Trabajo
INSERT INTO job_title (job_title) 
VALUES ('Production Technician I'),
       ('Production Technician II'),
       ('IT Manager - Infra'),
       ('IT Manager - Support'),
       ('CIO'),
       ('IT Support'),
       ('Area Sales Manager'),
       ('Administrative Assistant'),
       ('Production Manager'),
       ('Data Analyst'),
       ('Software Engineer'),
       ('Network Engineer'),
       ('IT Director'),
       ('Director of Operations'),
       ('Shared Services Manager'),
       ('President & CEO'),
       ('Accountant I'),
       ('Sales Manager'),
       ('Director of Sales'),
       ('Sr. Accountant'),
       ('BI Director'),
       ('Sr. Network Engineer'),
       ('Database Administrator'),
       ('BI Developer'),
       ('Senior BI Developer'),
       ('IT Manager - DB'),
       ('Sr. DBA'),
       ('Software Engineering Manager'),
       ('Principal Data Architect'),
       ('Data Architect'),
       ('Enterprise Architect');

-- Inserción de datos en la Tabla de Desempeño
INSERT INTO performance (performance) 
VALUES ('Fully Meets'),
       ('Exceeds'),
       ('Needs Improvement'),
       ('PIP');

-- Inserción de datos en la Tabla Empleados
INSERT INTO employee (employee_id, dob, age, surname, name, id_gender, id_marital_status, 
id_branch, id_leave_reason, id_status, id_department, id_job_title, id_performance)
VALUES
(10007,'1953-04-28',69,'Carey','Rodrigo',2,1,2,1,1,1,1,1),
(10009,'1968-02-06',55,'Chan','Lucas',2,1,1,1,1,1,1,1),
(10015,'1983-11-10',39,'Ferreira','Daiana',1,1,2,1,1,1,1,1),
(10040,'1961-05-01',61,'Bernstein','Ruben',2,1,2,1,1,1,1,1),
(10055,'1989-12-30',33,'Rossetti','Diego',2,1,3,1,1,1,1,1),
(10079,'1975-01-08',48,'Cockel','Juan',2,1,1,1,1,1,1,1),
(10106,'1972-05-20',50,'Sutwell','Sonia',1,1,1,1,1,1,1,1),
(10109,'1975-10-22',47,'Von Massenbach','Walter',2,1,3,1,1,1,1,1),
(10111,'1969-07-03',53,'Beatrice','María',1,1,3,1,1,1,1,1),
(10118,'1987-01-09',36,'Perry','Cristina',1,1,3,1,1,1,1,1),
(10119,'1954-04-10',68,'Garcia','Emmanuel',2,1,2,1,1,1,1,1),
(10136,'1968-09-19',54,'Mahoney','Victor',2,1,2,1,1,1,1,1),
(10143,'1972-02-21',51,'Gold','Juan',2,1,1,1,1,1,1,1),
(10144,'1975-01-17',48,'Dickinson','Leandro',2,1,1,1,1,1,1,1),
(10149,'1986-07-19',36,'Chace','Rita',1,1,2,1,1,1,1,1),
(10152,'1990-11-24',32,'Williams','Justo',2,1,2,1,1,1,1,1),
(10153,'1960-10-01',62,'Crimmings','Lautaro',2,1,3,1,1,1,1,1),
(10155,'1991-04-05',31,'Garneau','Ezequiel',2,1,2,1,1,1,1,1),
(10163,'1962-08-10',60,'Nguyen','Roberto',2,1,3,1,1,1,1,1),
(10167,'1976-03-27',46,'Pitt','Alejandro',2,1,1,1,1,1,1,1),
(10173,'1981-03-20',41,'Barone','Julieta',1,1,3,1,1,1,1,1),
(10174,'1959-03-18',63,'Chang','Emanuel',2,1,1,1,1,1,1,1),
(10005,'1953-10-28',69,'Jackson','Noelia',1,1,1,1,1,1,1,1),
(10207,'1953-04-28',69,'Carey','Rodrigo',2,1,2,1,1,1,1,1),
(10211,'1968-02-06',55,'Chan','Lucas',2,1,1,1,1,1,1,1),
(10215,'1983-11-10',39,'Ferreira','Daiana',1,1,2,1,1,1,1,1),
(10221,'1961-05-01',61,'Bernstein','Ruben',2,1,2,1,1,1,1,1),
(10224,'1989-12-30',33,'Rossetti','Diego',2,1,3,1,1,1,1,1),
(10225,'1975-01-08',48,'Cockel','Juan',2,1,1,1,1,1,1,1),
(10226,'1972-05-20',50,'Sutwell','Sonia',1,1,1,1,1,1,1,1),
(10247,'1975-10-22',47,'Von Massenbach','Walter',2,1,3,1,1,1,1,1),
(10274,'1969-07-03',53,'Beatrice','María',1,1,3,1,1,1,1,1),
(10304,'1987-01-09',36,'Perry','Cristina',1,1,3,1,1,1,1,1),
(10253,'1954-04-10',68,'Garcia','Emmanuel',2,1,2,1,1,1,1,1),
(10267,'1968-09-19',54,'Mahoney','Victor',2,1,2,1,1,1,1,1),
(10268,'1972-02-21',51,'Gold','Juan',2,1,1,1,1,1,1,1),
(10001,'1975-01-17',48,'Dickinson','Leandro',2,1,1,1,1,1,1,1),
(10018,'1986-07-19',36,'Chace','Rita',1,1,2,1,1,1,1,1),
(10024,'1990-11-24',32,'Williams','Justo',2,1,2,1,1,1,1,1),
(10028,'1960-10-01',62,'Crimmings','Lautaro',2,1,3,1,1,1,1,1),
(10029,'1991-04-05',31,'Garneau','Ezequiel',2,1,2,1,1,1,1,1),
(10030,'1962-08-10',60,'Nguyen','Roberto',2,1,3,1,1,1,1,1),
(10051,'1976-03-27',46,'Pitt','Alejandro',2,1,1,1,1,1,1,1),
(10054,'1981-03-20',41,'Barone','Julieta',1,1,3,1,1,1,1,1),
(10065,'1959-03-18',63,'Chang','Emanuel',2,1,1,1,1,1,1,1),
(10100,'1992-12-13',30,'Gaul','Barbara',1,1,3,1,1,1,1,1),
(10102,'1977-03-29',45,'Dobrin','Denise',1,1,3,1,1,1,1,1),
(10113,'1980-01-01',43,'Keatts','Martín',2,1,1,1,1,1,1,1),
(10117,'1953-03-06',70,'Heitzman','Antonio',2,1,2,1,1,1,1,1),
(10120,'1972-03-23',50,'Meads','Elizabeth',1,1,2,1,1,1,1,1),
(10125,'1956-10-03',66,'Knapp','Brian',2,1,2,1,1,1,1,1),
(10128,'1985-10-10',37,'Ndzi','Bautista',2,1,3,1,1,1,1,1),
(10147,'1952-11-16',70,'Ivey','Rosa',1,1,3,1,1,1,1,1),
(10156,'1954-08-27',68,'Smith','Paula',1,1,3,1,1,1,1,1),
(10160,'1973-11-24',49,'Medeiros','Jennifer',1,1,1,1,1,1,1,1),
(10166,'1953-10-28',69,'Jackson','Noelia',1,1,1,1,1,1,1,1),
(10181,'1953-04-28',69,'Carey','Rodrigo',2,1,2,1,1,1,1,1),
(10194,'1983-11-10',39,'Ferreira','Daiana',1,1,2,1,1,1,1,1),
(10199,'1961-05-01',61,'Bernstein','Ruben',2,1,2,1,1,1,1,1),
(10202,'1989-12-30',33,'Rossetti','Diego',2,1,3,1,1,1,1,1),
(10178,'1975-01-08',48,'Cockel','Juan',2,1,1,1,1,1,1,1),
(10182,'1972-05-20',50,'Sutwell','Sonia',1,1,1,1,1,1,1,1),
(10219,'1975-10-22',47,'Von Massenbach','Walter',2,1,3,1,1,1,1,1),
(10239,'1969-07-03',53,'Beatrice','María',1,1,3,1,1,1,1,1),
(10250,'1987-01-09',36,'Perry','Cristina',1,1,3,1,1,1,1,1),
(10272,'1954-04-10',68,'Garcia','Emmanuel',2,1,2,1,1,1,1,1),
(10282,'1968-09-19',54,'Mahoney','Victor',2,1,2,1,1,1,1,1),
(10285,'1972-02-21',51,'Gold','Juan',2,1,1,1,1,1,1,1),
(10286,'1975-01-17',48,'Dickinson','Leandro',2,1,1,1,1,1,1,1),
(10292,'1986-07-19',36,'Chace','Rita',1,1,2,1,1,1,1,1),
(10296,'1990-11-24',32,'Williams','Justo',2,1,2,1,1,1,1,1),
(10297,'1960-10-01',62,'Crimmings','Lautaro',2,1,3,1,1,1,1,1),
(10299,'1991-04-05',31,'Garneau','Ezequiel',2,1,2,1,1,1,1,1),
(10308,'1962-08-10',60,'Nguyen','Roberto',2,1,3,1,1,1,1,1),
(10000,'1976-03-27',46,'Pitt','Alejandro',2,1,1,1,1,1,1,1),
(10038,'1981-03-20',41,'Barone','Julieta',1,1,3,1,1,1,1,1),
(10042,'1959-03-18',63,'Chang','Emanuel',2,1,1,1,1,1,1,1),
(10044,'1992-12-13',30,'Gaul','Barbara',1,1,1,1,1,1,1,1),
(10071,'1977-03-29',45,'Dobrin','Denise',1,1,3,1,1,1,1,1),
(10075,'1980-01-01',43,'Keatts','Martín',2,1,1,1,1,1,1,1),
(10077,'1953-03-06',70,'Heitzman','Antonio',2,1,2,1,1,1,1,1),
(10087,'1972-03-23',50,'Meads','Elizabeth',1,1,1,1,1,1,1,1),
(10115,'1956-10-03',66,'Knapp','Brian',2,1,2,1,1,1,1,1),
(10124,'1985-10-10',37,'Ndzi','Bautista',2,1,3,1,1,1,1,1),
(10139,'1952-11-16',70,'Ivey','Rosa',1,1,1,1,1,1,1,1),
(10158,'1952-06-18',70,'Engdahl','Gonzalo',2,1,3,1,1,1,1,1),
(10164,'1971-07-06',51,'Punjabhi','Luis',2,1,1,1,1,1,1,1),
(10198,'1976-10-17',46,'Cierpiszewski','Carolina',1,1,2,1,1,1,1,1),
(10192,'1954-08-27',68,'Smith','Paula',1,1,3,1,1,1,1,1),
(10209,'1973-11-24',49,'Medeiros','Jennifer',1,1,1,1,1,1,1,1),
(10227,'1955-12-05',67,'Stoica','Juan',2,2,2,1,1,1,1,1),
(10232,'1978-05-16',44,'England','Ana',1,2,2,1,1,1,1,1),
(10248,'1972-11-03',50,'Jhaveri','Silvana',1,3,2,1,1,1,1,1),
(10271,'1968-06-20',54,'Gordon','Santiago',2,2,3,1,1,1,1,1),
(10300,'1977-05-04',45,'Rose','Juvencio',2,3,2,1,1,1,1,1),
(10265,'1963-04-08',59,'Power','Adriana',1,4,2,1,1,1,1,1),
(10269,'1954-11-03',68,'Motlagh','Oscar',2,4,1,1,1,1,1,1),
(10011,'1977-09-23',45,'Langton','Daniel',2,2,1,1,1,1,1,1),
(10045,'1958-03-03',65,'Robinson','Rocio',1,2,1,1,1,1,1,1),
(10047,'1953-06-06',69,'Wilber','Lidia',1,2,1,1,1,1,1,1),
(10057,'1987-11-05',35,'Peterson','Sebastian',2,2,1,1,1,1,1,1),
(10080,'1978-11-05',44,'Jacobi','Nicolas',2,4,2,1,1,1,1,1),
(10086,'1972-08-12',50,'Athwal','Nelson',2,5,1,1,1,1,1,1),
(10092,'1991-12-19',31,'Gentry','Milena',1,2,2,1,1,1,1,1),
(10095,'1983-04-15',39,'Tavares','Leonardo',2,2,3,1,1,1,1,1),
(10096,'1962-09-11',60,'Mangal','Josue',2,2,1,1,1,1,1,1),
(10123,'1959-05-24',63,'Darson','Ana',1,2,2,1,1,1,1,1),
(10140,'1978-03-21',44,'Tinto','María',1,4,3,1,1,1,1,1),
(10145,'1985-10-29',37,'Shields','Silvia',1,2,1,1,1,1,1,1),
(10159,'1967-03-06',56,'Mckenna','Romina',1,2,3,1,1,1,1,1),
(10161,'1977-09-10',45,'Maurice','Ignacio',2,2,2,1,1,1,1,1),
(10170,'1959-08-01',63,'Purinton','Agustin',2,4,3,1,1,1,1,1),
(10186,'1970-01-14',53,'Barbara','María',1,2,1,1,1,1,1,1),
(10193,'1958-07-20',64,'Sander','Marcos',2,2,3,1,1,1,1,1),
(10201,'1978-05-16',44,'England','Ana',1,2,2,1,1,1,1,1),
(10203,'1972-11-03',50,'Jhaveri','Silvana',1,3,2,1,1,1,1,1),
(10180,'1968-06-20',54,'Gordon','Santiago',2,2,3,1,1,1,1,1),
(10188,'1977-05-04',45,'Rose','Juvencio',2,3,2,1,1,1,1,1),
(10206,'1963-04-08',59,'Power','Adriana',1,4,2,1,1,1,1,1),
(10213,'1954-11-03',68,'Motlagh','Oscar',2,4,1,1,1,1,1,1),
(10231,'1977-09-23',45,'Langton','Daniel',2,2,1,1,1,1,1,1),
(10235,'1958-03-03',65,'Robinson','Rocio',1,2,1,1,1,1,1,1),
(10243,'1953-06-06',69,'Wilber','Lidia',1,2,1,1,1,1,1,1),
(10270,'1987-11-05',35,'Peterson','Sebastian',2,2,1,1,1,1,1,1),
(10309,'1978-11-05',44,'Jacobi','Nicolas',2,4,2,1,1,1,1,1),
(10002,'1972-08-12',50,'Athwal','Nelson',2,5,1,1,1,1,1,1),
(10006,'1991-12-19',31,'Gentry','Milena',1,2,2,1,1,1,1,1),
(10013,'1983-04-15',39,'Tavares','Leonardo',2,2,3,1,1,1,1,1),
(10017,'1962-09-11',60,'Mangal','Josue',2,2,1,1,1,1,1,1),
(10019,'1959-05-24',63,'Darson','Ana',1,2,2,1,1,1,1,1),
(10021,'1978-03-21',44,'Tinto','María',1,4,3,1,1,1,1,1),
(10034,'1985-10-29',37,'Shields','Silvia',1,2,1,1,1,1,1,1),
(10035,'1967-03-06',56,'Mckenna','Romina',1,2,3,1,1,1,1,1),
(10039,'1956-03-15',66,'Zima','Laura',1,5,3,1,1,1,1,1),
(10041,'1977-09-10',45,'Maurice','Ignacio',2,2,2,1,1,1,1,1),
(10052,'1959-08-23',63,'Pham','Juana',1,2,3,1,1,1,1,1),
(10066,'1959-08-01',63,'Purinton','Agustin',2,4,3,1,1,1,1,1),
(10099,'1970-01-14',53,'Barbara','María',1,2,1,1,1,1,1,1),
(10101,'1958-07-20',64,'Sander','Marcos',2,2,3,1,1,1,1,1),
(10103,'1991-01-12',32,'Rarrick','Fernando',2,4,1,1,1,1,1,1),
(10104,'1951-09-24',71,'Alagbe','Julieta',1,2,1,1,1,1,1,1),
(10112,'1978-01-27',45,'DeGweck','Luis',2,2,2,1,1,1,1,1),
(10131,'1980-06-09',42,'Biden','Lisa',1,4,3,1,1,1,1,1),
(10137,'1961-10-01',61,'Kretschmer','John',2,2,1,1,1,1,1,1),
(10141,'1980-12-29',42,'Handschiegl','Joanne',1,2,3,1,1,1,1,1),
(10148,'1956-02-29',67,'Stanford','Barbara',1,4,3,1,1,1,1,1),
(10171,'1963-10-23',59,'Fidelia','Linda',1,2,3,1,1,1,1,1),
(10175,'1981-04-09',41,'Sullivan','Alberto',2,2,3,1,1,1,1,1),
(10176,'1975-04-13',47,'Harrell','Mariano',2,2,2,1,1,1,1,1),
(10179,'1972-09-06',50,'Cornett','Lisa',1,2,3,1,1,1,1,1),
(10185,'1978-09-10',44,'Tippett','Jeanette',1,4,2,1,1,1,1,1),
(10189,'1955-12-05',67,'Stoica','Juan',2,2,2,1,1,1,1,1),
(10196,'1978-05-16',44,'England','Ana',1,2,2,1,1,1,1,1),
(10200,'1972-11-03',50,'Jhaveri','Silvana',1,3,2,1,1,1,1,1),
(10037,'1968-06-20',54,'Gordon','Santiago',2,2,3,1,1,1,1,1),
(10214,'1963-04-08',59,'Power','Adriana',1,4,2,1,1,1,1,1),
(10228,'1954-11-03',68,'Motlagh','Oscar',2,4,1,1,1,1,1,1),
(10284,'1977-09-23',45,'Langton','Daniel',2,2,1,1,1,1,1,1),
(10289,'1958-03-03',65,'Robinson','Rocio',1,2,1,1,1,1,1,1),
(10294,'1987-11-05',35,'Peterson','Sebastian',2,2,1,1,1,1,1,1),
(10295,'1978-11-05',44,'Jacobi','Nicolas',2,4,2,1,1,1,1,1),
(10307,'1972-08-12',50,'Athwal','Nelson',2,5,1,1,1,1,1,1),
(10251,'1991-12-19',31,'Gentry','Milena',1,2,2,1,1,1,1,1),
(10255,'1962-09-11',60,'Mangal','Josue',2,2,1,1,1,1,1,1),
(10257,'1959-05-24',63,'Darson','Ana',1,2,2,1,1,1,1,1),
(10260,'1978-03-21',44,'Tinto','María',1,4,3,1,1,1,1,1),
(10008,'1985-10-29',37,'Shields','Silvia',1,2,1,1,1,1,1,1),
(10014,'1967-03-06',56,'Mckenna','Romina',1,2,3,1,1,1,1,1),
(10022,'1956-03-15',66,'Zima','Laura',1,5,3,1,1,1,1,1),
(10025,'1977-09-10',45,'Maurice','Ignacio',2,2,2,1,1,1,1,1),
(10032,'1959-08-01',63,'Purinton','Agustin',2,4,3,1,1,1,1,1),
(10058,'1970-01-14',53,'Barbara','María',1,2,1,1,1,1,1,1),
(10063,'1958-07-20',64,'Sander','Marcos',2,2,3,1,1,1,1,1),
(10073,'1991-01-12',32,'Rarrick','Fernando',2,4,2,1,1,1,1,1),
(10076,'1951-09-24',71,'Alagbe','Julieta',1,2,3,1,1,1,1,1),
(10078,'1978-01-27',45,'DeGweck','Luis',2,2,2,1,1,1,1,1),
(10082,'1980-06-09',42,'Biden','Lisa',1,4,3,1,1,1,1,1),
(10083,'1961-10-01',61,'Kretschmer','John',2,2,1,1,1,1,1,1),
(10085,'1980-12-29',42,'Handschiegl','Joanne',1,2,3,1,1,1,1,1),
(10094,'1956-02-29',67,'Stanford','Barbara',1,4,3,1,1,1,1,1),
(10114,'1963-10-23',59,'Fidelia','Linda',1,2,3,1,1,1,1,1),
(10122,'1981-04-09',41,'Sullivan','Alberto',2,2,3,1,1,1,1,1),
(10126,'1975-04-13',47,'Harrell','Mariano',2,2,2,1,1,1,1,1),
(10130,'1972-09-06',50,'Cornett','Lisa',1,2,3,1,1,1,1,1),
(10133,'1978-09-10',44,'Tippett','Jeanette',1,4,2,1,1,1,1,1),
(10138,'1989-08-09',33,'Gonzalez','Fernando',2,4,3,1,1,1,1,2),
(10142,'1967-04-19',55,'Owad','Eduardo',2,1,1,1,1,1,1,3),
(10150,'1962-10-08',60,'Lynch','Rosario',1,1,3,1,1,1,1,2),
(10172,'1956-11-16',66,'Sparks','Sergio',2,2,3,1,1,1,1,4),
(10183,'1990-07-27',32,'Estremera','Camila',1,1,2,1,1,1,1,3),
(10184,'1974-01-16',49,'Johnson','Clara',1,2,2,1,1,1,1,2),
(10204,'1975-04-06',47,'Adinolfi','Alejandro',2,1,1,1,1,1,1,2),
(10223,'1955-11-09',67,'Trang','Jesus',2,1,2,1,1,1,1,3),
(10234,'1983-04-27',39,'Robinson','Gabriel',2,5,1,1,1,1,1,2),
(10237,'1969-10-17',53,'DiNocco','Sandra',1,2,1,1,1,1,1,3),
(10240,'1979-08-04',43,'Fernandes','Maria',1,2,2,1,1,1,1,4),
(10249,'1979-04-18',43,'Harrison','Jose',2,2,1,1,1,1,1,2),
(10275,'1981-10-31',41,'Saar-Beckles','Marina',1,1,2,1,1,1,1,3),
(10277,'1991-01-23',32,'Desimone','Gabriela',1,2,3,1,1,1,1,4),
(10278,'1989-08-09',33,'Gonzalez','Fernando',2,4,3,1,1,1,1,2),
(10287,'1967-04-19',55,'Owad','Eduardo',2,1,1,1,1,1,1,3),
(10288,'1962-10-08',60,'Lynch','Rosario',1,1,3,1,1,1,1,2),
(10293,'1956-11-16',66,'Sparks','Sergio',2,2,3,1,1,1,1,4),
(10305,'1990-07-27',32,'Estremera','Camila',1,1,2,1,1,1,1,3),
(10252,'1974-01-16',49,'Johnson','Clara',1,2,2,1,1,1,1,2),
(10259,'1975-04-06',47,'Adinolfi','Alejandro',2,1,1,1,1,1,1,2),
(10264,'1955-11-09',67,'Trang','Jesus',2,1,2,1,1,1,1,3),
(10036,'1983-04-27',39,'Robinson','Gabriel',2,5,1,1,1,1,1,2),
(10046,'1969-10-17',53,'DiNocco','Sandra',1,2,1,1,1,1,1,3),
(10049,'1979-08-04',43,'Fernandes','Maria',1,2,2,1,1,1,1,4),
(10053,'1979-04-18',43,'Harrison','Jose',2,2,1,1,1,1,1,2),
(10068,'1981-10-31',41,'Saar-Beckles','Marina',1,1,2,1,1,1,1,3),
(10070,'1951-05-31',71,'Rivera','Rosana',1,2,2,1,1,1,1,2),
(10072,'1991-01-23',32,'Desimone','Gabriela',1,2,3,1,1,1,1,4),
(10098,'1956-05-30',66,'Girifalco','Evelyn',1,1,1,1,1,1,1,2),
(10105,'1961-09-20',61,'Robinson','Brenda',1,2,2,1,1,1,1,3),
(10110,'1982-04-01',40,'Anderson','Linda',1,1,2,1,1,1,1,2),
(10121,'1961-07-25',61,'Volk','Constanza',1,2,1,1,1,1,1,2),
(10127,'1986-06-02',36,'Clukey','Jose Luis',2,2,1,1,1,1,1,2),
(10132,'1982-02-11',41,'Billis','Helena',1,2,3,1,1,1,1,2),
(10135,'1989-08-09',33,'Gonzalez','Fernando',2,4,3,1,1,1,1,2),
(10146,'1967-04-19',55,'Owad','Eduardo',2,1,1,1,1,1,1,3),
(10157,'1962-10-08',60,'Lynch','Rosario',1,1,3,1,1,1,1,2),
(10177,'1956-11-16',66,'Sparks','Sergio',2,2,3,1,1,1,1,4),
(10190,'1974-01-16',49,'Johnson','Clara',1,2,2,1,1,1,1,2),
(10191,'1975-04-06',47,'Adinolfi','Alejandro',2,1,1,1,1,1,1,2),
(10205,'1955-11-09',67,'Trang','Jesus',2,1,2,1,1,1,1,3),
(10217,'1983-04-27',39,'Robinson','Gabriel',2,5,1,1,1,1,1,2),
(10220,'1969-10-17',53,'DiNocco','Sandra',1,2,1,1,1,1,1,3),
(10229,'1979-08-04',43,'Fernandes','Maria',1,2,2,1,1,1,1,4),
(10238,'1979-04-18',43,'Harrison','Jose',2,2,1,1,1,1,1,2),
(10241,'1981-10-31',41,'Saar-Beckles','Marina',1,1,2,1,1,1,1,3),
(10242,'1951-05-31',71,'Rivera','Rosana',1,2,2,1,1,1,1,2),
(10244,'1991-01-23',32,'Desimone','Gabriela',1,2,3,1,1,1,1,4),
(10246,'1956-05-30',66,'Girifalco','Evelyn',1,1,1,1,1,1,1,2),
(10291,'1961-09-20',61,'Robinson','Brenda',1,2,3,1,1,1,1,3),
(10254,'1982-04-01',40,'Anderson','Linda',1,1,3,1,1,1,1,2),
(10256,'1961-07-25',61,'Volk','Constanza',1,2,3,1,1,1,1,2),
(10266,'1959-07-28',63,'Ngodup','Lara',1,3,3,1,1,1,1,2),
(10004,'1966-09-04',56,'Osturnka','Abel',2,2,3,1,1,1,1,2),
(10010,'1986-06-02',36,'Clukey','Jose Luis',2,2,1,1,1,1,1,2),
(10012,'1982-02-11',41,'Billis','Helena',1,2,3,1,1,1,1,2),
(10016,'1959-01-31',64,'Jeannite','Maria',1,4,2,1,1,1,2,2),
(10020,'1958-03-03',65,'Monroe','Victor',2,2,3,1,1,2,3,3),
(10026,'1958-12-01',64,'Erilus','Christian',2,3,1,1,1,1,2,4),
(10031,'1990-08-08',32,'Dougall','Luis',2,1,1,1,1,2,4,2),
(10056,'1975-06-02',47,'Zamora','Pedro',2,1,3,1,1,3,5,2),
(10064,'1955-07-17',67,'Lindsay','Edmundo',2,1,2,1,1,2,6,2),
(10069,'1987-01-19',36,'Riordan','Ruben',2,3,1,1,1,4,7,2),
(10074,'1974-07-11',48,'Lunquist','Patricia',1,1,1,1,1,1,2,2),
(10089,'1975-03-30',47,'Prater','David',2,2,2,1,1,4,8,4),
(10093,'1961-01-18',62,'Smith','Jorge',2,4,3,1,1,4,8,3),
(10097,'1968-05-30',54,'Liebig','Pablo',2,2,1,1,1,1,9,2),
(10107,'1958-03-30',64,'Johnston','Ivan',2,1,3,1,1,1,2,2),
(10108,'1968-04-11',54,'Butler','Sergio',2,1,1,1,1,1,9,2),
(10129,'1977-04-27',45,'Petrowsky','Laura',1,2,1,1,1,2,10,2),
(10134,'1978-05-10',44,'Murray','Ariana',1,4,3,1,1,2,10,2),
(10151,'1977-01-09',46,'Immediato','Lucas',2,2,3,1,1,1,9,3),
(10154,'1969-12-23',53,'Stanley','Delfina',1,4,2,1,1,1,9,3),
(10162,'1970-07-19',52,'Winthrop','Mercedes',1,1,2,1,1,1,2,2),
(10165,'1979-11-04',43,'Beak','Ezequiel',2,2,1,1,1,1,2,2),
(10168,'1959-01-31',64,'Jeannite','Maria',1,4,2,1,1,1,2,2),
(10169,'1958-03-03',65,'Monroe','Victor',2,2,3,1,1,2,3,3),
(10187,'1958-12-01',64,'Erilus','Christian',2,3,1,1,1,1,2,4),
(10195,'1990-08-08',32,'Dougall','Luis',2,1,1,1,1,2,4,2),
(10197,'1975-06-02',47,'Zamora','Pedro',2,1,3,1,1,3,5,2),
(10208,'1955-07-17',67,'Lindsay','Edmundo',2,1,2,1,1,2,6,2),
(10210,'1987-01-19',36,'Riordan','Ruben',2,3,1,1,1,4,8,2),
(10212,'1974-07-11',48,'Lunquist','Patricia',1,1,1,1,1,1,2,2),
(10216,'1975-03-30',47,'Prater','David',2,2,2,1,1,4,8,4),
(10218,'1961-01-18',62,'Smith','Jorge',2,4,3,1,1,4,8,3),
(10222,'1968-05-30',54,'Liebig','Pablo',2,2,1,1,1,1,9,2),
(10230,'1958-03-30',64,'Johnston','Ivan',2,1,3,1,1,1,2,2),
(10233,'1968-04-11',54,'Butler','Sergio',2,1,1,1,1,1,9,2),
(10236,'1977-04-27',45,'Petrowsky','Laura',1,2,1,1,1,2,10,2),
(10245,'1978-05-10',44,'Murray','Ariana',1,4,3,1,1,2,10,2),
(10273,'1986-06-02',36,'Monterro','Hector',2,1,3,1,1,1,2,2),
(10276,'1977-01-09',46,'Immediato','Lucas',2,2,3,1,1,1,9,3),
(10279,'1955-12-14',67,'Exantus','Marina',1,2,3,1,1,2,11,3),
(10280,'1969-12-23',53,'Stanley','Delfina',1,4,2,1,1,1,9,3),
(10281,'1970-07-19',52,'Winthrop','Mercedes',1,1,2,1,1,1,2,2),
(10283,'1979-11-04',43,'Beak','Ezequiel',2,2,1,1,1,1,2,2),
(10290,'1989-08-31',33,'Merlos','Carlos',2,1,2,1,1,2,12,4),
(10298,'1966-02-14',57,'Foss','Juan',2,1,1,1,1,3,13,2),
(10301,'1963-02-26',60,'Szabo','Andres',2,1,1,1,1,2,11,2),
(10302,'1956-06-17',66,'Bramante','Jose Luis',2,1,2,1,1,3,14,2),
(10303,'1978-07-28',44,'Miller','Nestor',2,1,2,1,1,1,2,4),
(10306,'1992-06-16',30,'Smith','Joe',2,1,1,1,1,1,2,2),
(10258,'1953-07-28',69,'Blount','Dianna',1,1,2,1,1,1,2,3),
(10261,'1958-03-03',65,'Monroe','Victor',2,2,3,1,1,2,3,3),
(10262,'1958-12-01',64,'Erilus','Christian',2,3,1,1,1,1,2,4),
(10263,'1990-08-08',32,'Dougall','Luis',2,1,1,1,1,2,4,2);

-- Inserción de datos en la Tabla tranasacciones
INSERT INTO employee_transaction (hire_date,leave_date,employee_satisfaction,annual_salary,bonus,employee_id)
VALUES
('2014-02-04',null,3,51009,7141,10005),
('2014-02-09',null,4,42034,6305,10007),
('2014-05-02',null,4,44391,2663,10009),
('2014-10-07',null,3,43361,8239,10015),
('2014-12-21',null,5,54811,7125,10040),
('2015-06-07',null,5,57098,7994,10055),
('2015-12-11',null,5,47065,4236,10079),
('2016-01-31',null,3,47044,5175,10106),
('2016-02-28',null,5,53903,5929,10109),
('2016-03-29',null,4,47337,8994,10111),
('2016-04-02',null,3,48505,4851,10118),
('2016-08-04',null,4,49953,9991,10119),
('2016-10-11',null,5,56777,6813,10136),
('2016-10-23',null,4,56173,10673,10143),
('2016-11-24',null,4,54177,9210,10144),
('2016-12-15',null,4,54075,10815,10149),
('2016-12-16',null,5,53193,4255,10152),
('2016-12-30',null,4,55083,9364,10153),
('2017-02-25',null,5,45282,6792,10155),
('2017-03-13',null,3,50204,8535,10163),
('2017-04-13',null,4,42634,3837,10167),
('2017-04-13',null,5,45949,5514,10173),
('2014-01-25',null,3,47565,4757,10174),
('2014-02-04',null,3,56110,7141,10005),
('2014-02-09',null,4,46237,6305,10007),
('2014-05-02',null,4,48830,2663,10009),
('2014-10-07',null,3,47697,8239,10015),
('2014-12-21',null,5,60292,7125,10040),
('2015-06-07',null,5,62808,7994,10055),
('2015-12-11',null,5,51772,4236,10079),
('2016-01-31',null,3,51748,5175,10106),
('2016-02-28',null,5,59293,5929,10109),
('2016-03-29',null,4,52071,8994,10111),
('2016-04-02',null,3,53356,4851,10118),
('2016-08-04',null,4,54948,9991,10119),
('2016-10-11',null,5,62455,6813,10136),
('2016-10-23',null,4,61790,10673,10143),
('2016-11-24',null,4,59595,9210,10144),
('2016-12-15',null,4,59483,10815,10149),
('2016-12-16',null,5,58512,4255,10152),
('2016-12-30',null,4,60591,9364,10153),
('2017-02-25',null,5,49810,6792,10155),
('2017-03-13',null,3,55224,8535,10163),
('2017-04-13',null,4,46897,3837,10167),
('2017-04-13',null,5,50544,5514,10173),
('2018-01-24',null,4,57081,8822,10174),
('2018-03-16',null,5,46797,5531,10207),
('2018-03-31',null,4,62838,9711,10211),
('2018-05-26',null,4,62032,5639,10215),
('2018-06-06',null,4,47601,8655,10221),
('2018-06-08',null,3,47958,8284,10224),
('2018-06-19',null,3,65412,11298,10225),
('2018-12-08',null,3,59038,8051,10226),
('2019-05-26',null,2,37500,58356,10247),
('2019-11-26',null,4,70711,0,10274),
('2014-01-25',null,3,56213,4757,10304),
('2014-02-04',null,3,66312,7141,10005),
('2014-05-02',null,4,57708,2663,10007),
('2014-10-07',null,3,56369,8239,10015),
('2014-12-21',null,5,71254,7125,10040),
('2015-06-07',null,5,74227,7994,10055),
('2015-12-11',null,5,61185,4236,10079),
('2016-01-31',null,3,61157,5175,10106),
('2016-02-28',null,5,70074,5929,10109),
('2016-03-29',null,4,61538,8994,10111),
('2016-04-02',null,3,63057,4851,10118),
('2016-08-04',null,4,64939,9991,10119),
('2016-10-11',null,5,73810,6813,10136),
('2016-10-23',null,4,73025,10673,10143),
('2016-11-24',null,4,70430,9210,10144),
('2016-12-15',null,4,70298,10815,10149),
('2016-12-16',null,5,69151,4255,10152),
('2016-12-30',null,4,71608,9364,10153),
('2017-02-25',null,5,58867,6792,10155),
('2017-03-13',null,3,65265,8535,10163),
('2017-04-13',null,4,55424,3837,10167),
('2017-04-13',null,5,59734,5514,10173),
('2018-01-24',null,4,67460,8822,10174),
('2018-03-16',null,5,55306,5531,10207),
('2018-03-31',null,4,74263,9711,10211),
('2018-05-26',null,4,73311,5639,10215),
('2018-06-06',null,4,56256,8655,10221),
('2018-06-08',null,3,56677,8284,10224),
('2018-06-19',null,3,77305,11298,10225),
('2018-12-08',null,3,69772,8051,10226),
('2019-01-12',null,5,67235,10344,10247),
('2019-04-20',null,3,77887,11383,10253),
('2019-04-22',null,5,71165,6569,10267),
('2019-05-26',null,3,58356,5387,10268),
('2019-11-26',null,4,70711,3808,10274),
('2014-01-08',null,3,57615,10947,10304),
('2014-05-18',null,3,41435,4558,10001),
('2014-07-26',null,5,57890,4052,10018),
('2014-08-12',null,3,43464,4781,10024),
('2014-08-15',null,4,42309,2115,10028),
('2014-08-25',null,4,49337,3454,10029),
('2014-12-14',null,4,46723,3271,10030),
('2014-12-19',null,5,54727,9304,10051),
('2015-03-02',null,3,54996,6050,10054),
('2015-11-19',null,3,43255,7353,10065),
('2015-11-28',null,3,47514,4751,10100),
('2016-02-29',null,5,58132,2907,10102),
('2016-03-23',null,4,47657,2383,10113),
('2016-04-16',null,3,44180,3534,10117),
('2016-05-26',null,5,50594,8601,10120),
('2016-06-16',null,3,42418,3818,10125),
('2016-11-04',null,3,57984,11017,10128),
('2017-01-03',null,5,59238,10663,10147),
('2017-02-09',null,4,56557,3393,10156),
('2017-03-07',null,3,56884,6826,10160),
('2017-05-21',null,4,50707,8113,10166),
('2017-10-12',null,5,47109,8951,10181),
('2017-11-23',null,3,53417,3205,10194),
('2017-12-18',null,3,49947,8990,10199),
('2014-05-18',null,3,45579,4558,10202),
('2014-07-26',null,5,63679,4052,10018),
('2014-08-12',null,3,47810,4781,10024),
('2014-08-15',null,4,46540,2115,10028),
('2014-08-25',null,4,54271,3454,10029),
('2014-12-14',null,4,51395,3271,10030),
('2014-12-19',null,5,60200,9304,10051),
('2015-03-02',null,3,60496,6050,10054),
('2015-11-19',null,3,47581,7353,10065),
('2015-11-28',null,3,52265,4751,10100),
('2016-02-29',null,5,63945,2907,10102),
('2016-03-23',null,4,52423,2383,10113),
('2016-04-16',null,3,48598,3534,10117),
('2016-05-26',null,5,55653,8601,10120),
('2016-06-16',null,3,46660,3818,10125),
('2016-11-04',null,3,63782,11017,10128),
('2017-01-03',null,5,65162,10663,10147),
('2017-02-09',null,4,62213,3393,10156),
('2017-03-07',null,3,62572,6826,10160),
('2017-05-01',null,5,51778,2354,10166),
('2017-05-21',null,4,55778,8113,10178),
('2017-05-25',null,3,55369,2517,10181),
('2017-10-12',null,5,51820,8951,10182),
('2017-11-23',null,3,58759,3205,10194),
('2017-12-18',null,3,54942,8990,10199),
('2018-05-08',null,5,62291,8494,10202),
('2018-09-17',null,5,48864,4886,10219),
('2018-12-25',null,4,62073,5643,10239),
('2019-05-18',null,2,37500,77147,10250),
('2019-07-19',null,4,43520,75487,10272),
('2019-07-29',null,3,47500,62612,10282),
('2019-08-01',null,2,42750,76024,10285),
('2019-08-26',null,5,72851,0,10286),
('2019-10-08',null,5,60211,0,10292),
('2019-10-18',null,3,72584,0,10296),
('2019-10-29',null,5,57008,0,10297),
('2019-12-19',null,2,50250,76488,10299),
('2014-01-08',null,3,74900,10947,10308),
('2014-05-18',null,3,53866,4558,10001),
('2014-07-26',null,5,75257,4052,10018),
('2014-08-12',null,3,56503,4781,10024),
('2014-08-25',null,4,64138,3454,10028),
('2014-12-14',null,4,60740,3271,10030),
('2014-12-19',null,5,71145,9304,10051),
('2015-03-02',null,3,71495,6050,10054),
('2015-11-28',null,3,61768,4751,10065),
('2016-02-29',null,5,75572,2907,10102),
('2016-03-23',null,4,61954,2383,10113),
('2016-04-16',null,3,57434,3534,10117),
('2016-06-16',null,3,55143,3818,10120),
('2016-11-04',null,3,75379,11017,10128),
('2017-01-03',null,5,77009,10663,10147),
('2017-02-09',null,4,73524,3393,10156),
('2017-03-07',null,3,73949,6826,10160),
('2017-05-01',null,5,61192,2354,10166),
('2017-05-21',null,4,65919,8113,10178),
('2017-10-12',null,5,61242,8951,10181),
('2017-11-23',null,3,69442,3205,10194),
('2017-12-18',null,3,64931,8990,10199),
('2018-05-08',null,5,73616,8494,10202),
('2018-09-17',null,5,57749,4886,10219),
('2018-12-25',null,4,73359,5643,10239),
('2019-05-18',null,3,77147,10682,10250),
('2019-07-19',null,3,75487,9871,10272),
('2019-07-29',null,4,62612,8669,10282),
('2019-08-01',null,4,76024,9942,10285),
('2019-08-26',null,5,72851,8966,10286),
('2019-10-08',null,5,60211,6021,10292),
('2019-10-18',null,3,72584,6700,10296),
('2019-10-29',null,5,57008,8770,10297),
('2019-12-19',null,5,76488,10002,10299),
('2014-01-02',null,4,41924,2096,10308),
('2014-09-29',null,3,45075,6761,10000),
('2014-10-23',null,4,57313,5731,10038),
('2014-11-10',null,2,48061,4806,10042),
('2015-04-09',null,4,46028,2762,10044),
('2015-05-09',null,4,41802,7942,10071),
('2015-05-23',null,5,44993,8999,10075),
('2015-07-19',null,5,57201,6864,10077),
('2016-03-04',null,5,42532,5529,10087),
('2016-05-02',null,4,59322,2966,10115),
('2016-08-17',null,5,45093,4960,10124),
('2017-01-18',null,4,47101,7065,10139),
('2017-03-04',null,4,52618,2631,10158),
('2017-10-26',null,2,50551,6066,10164),
('2014-01-02',null,4,46116,2096,10198),
('2014-09-29',null,3,49583,6761,10000),
('2014-10-23',null,4,63044,5731,10038),
('2014-11-10',null,2,52867,4806,10042),
('2015-04-09',null,4,50631,2762,10044),
('2015-05-09',null,4,45982,7942,10071),
('2015-05-23',null,5,49492,8999,10075),
('2015-07-19',null,5,62921,6864,10077),
('2016-03-04',null,5,46785,5529,10087),
('2016-05-02',null,4,65254,2966,10115),
('2016-08-17',null,5,49602,4960,10124),
('2017-01-18',null,4,51811,7065,10139),
('2017-03-04',null,4,57880,2631,10158),
('2017-09-20',null,5,64714,3530,10164),
('2017-10-26',null,2,55606,6066,10192),
('2018-02-20',null,4,53835,4405,10198),
('2018-06-20',null,3,55679,5568,10209),
('2018-08-19',null,5,45855,2918,10227),
('2018-12-08',null,5,64580,11742,10232),
('2019-05-14',null,3,47500,68039,10248),
('2019-10-31',null,3,60496,0,10271),
('2014-01-02',null,4,54501,2096,10300),
('2014-09-29',null,3,58598,6761,10000),
('2014-10-23',null,4,74507,5731,10038),
('2014-11-10',null,2,62479,4806,10042),
('2015-05-09',null,4,54343,7942,10044),
('2015-05-23',null,5,58491,8999,10075),
('2015-07-19',null,5,74361,6864,10077),
('2016-03-04',null,5,55292,5529,10087),
('2016-05-02',null,4,77119,2966,10115),
('2016-08-17',null,5,58621,4960,10124),
('2017-01-18',null,4,61231,7065,10139),
('2017-03-04',null,4,68403,2631,10158),
('2017-09-20',null,5,76480,3530,10164),
('2017-10-26',null,2,65716,6066,10192),
('2018-02-20',null,4,63623,4405,10198),
('2018-06-20',null,3,65802,5568,10209),
('2018-08-19',null,5,54192,2918,10227),
('2018-12-08',null,5,76322,11742,10232),
('2019-04-06',null,3,63096,7280,10248),
('2019-05-09',null,3,75040,4618,10265),
('2019-05-14',null,4,68039,8897,10269),
('2019-10-31',null,3,60496,9307,10271),
('2014-04-13',null,4,61297,3678,10300),
('2014-11-27',null,3,84696,11010,10011),
('2014-12-05',null,1,66207,5297,10045),
('2014-12-29',null,5,83993,10079,10047),
('2015-06-09',null,5,102280,20456,10057),
('2015-07-12',null,4,35423,1771,10080),
('2015-08-31',null,3,78733,11810,10086),
('2015-10-23',null,4,62470,4373,10092),
('2015-10-30',null,2,42000,4141,10095),
('2016-04-29',null,4,39500,8247,10096),
('2016-08-20',null,3,94549,15128,10123),
('2016-10-25',null,3,67431,10789,10140),
('2017-01-25',null,3,83744,6700,10145),
('2017-02-16',null,5,58908,9425,10159),
('2017-03-29',null,4,64419,6442,10161),
('2017-07-09',null,2,96939,10663,10170),
('2017-10-08',null,2,81352,13830,10186),
('2017-12-06',null,3,74563,12676,10193),
('2017-12-23',null,3,80583,12893,10201),
('2014-04-13',null,4,67427,3678,10203),
('2014-11-27',null,3,93166,11010,10011),
('2014-12-05',null,1,72828,5297,10045),
('2014-12-29',null,5,92392,10079,10047),
('2015-06-09',null,5,112508,20456,10057),
('2015-07-12',null,4,38965,1771,10080),
('2015-08-31',null,3,56000,11810,10086),
('2015-10-23',null,4,68717,4373,10092),
('2015-10-30',null,2,50100,4141,10095),
('2016-04-29',null,4,48500,8247,10096),
('2016-08-20',null,3,104004,15128,10123),
('2016-10-25',null,3,74174,10789,10140),
('2017-01-25',null,3,92118,6700,10145),
('2017-02-16',null,5,64799,9425,10159),
('2017-03-29',null,4,70861,6442,10161),
('2017-05-05',null,3,82557,12008,10170),
('2017-07-09',null,2,106633,10663,10180),
('2017-08-16',null,5,88448,5628,10186),
('2017-10-08',null,2,89487,13830,10188),
('2017-12-06',null,3,82019,12676,10193),
('2017-12-23',null,3,88641,12893,10201),
('2018-01-16',null,3,47897,6967,10203),
('2018-03-18',null,5,140390,24249,10206),
('2018-08-12',null,5,77393,4925,10213),
('2018-08-23',null,5,163788,23824,10231),
('2018-09-29',null,2,63507,7505,10235),
('2019-05-12',null,2,37500,104928,10243),
('2019-12-30',null,2,37500,81237,10270),
('2014-11-27',null,3,110105,11010,10309),
('2014-12-05',null,1,86069,5297,10045),
('2014-12-29',null,5,109191,10079,10047),
('2015-06-09',null,5,132964,20456,10057),
('2015-07-12',null,4,46050,1771,10080),
('2015-08-31',null,3,62000,11810,10086),
('2015-10-23',null,4,81211,4373,10092),
('2015-10-30',null,2,54200,4141,10095),
('2016-04-29',null,4,49000,8247,10096),
('2016-08-20',null,3,122914,15128,10123),
('2016-10-25',null,3,87660,10789,10140),
('2017-01-25',null,3,108867,6700,10145),
('2017-02-16',null,5,76580,9425,10159),
('2017-03-29',null,4,83745,6442,10161),
('2017-05-05',null,3,97568,12008,10170),
('2017-12-23',null,3,104758,12893,10180),
('2018-01-16',null,3,56606,6967,10203),
('2018-03-18',null,5,165915,24249,10206),
('2018-08-12',null,5,91464,4925,10213),
('2018-08-23',null,5,193567,23824,10231),
('2018-09-29',null,2,75054,7505,10235),
('2019-05-12',null,3,104928,7264,10243),
('2019-12-30',null,3,81237,9998,10270),
('2014-01-08',null,4,106344,5317,10309),
('2014-02-02',null,3,167230,10034,10002),
('2014-04-18',null,4,42855,6428,10006),
('2014-05-13',null,4,83190,13310,10013),
('2014-06-10',null,3,83634,8363,10017),
('2014-06-21',null,3,34381,4813,10019),
('2014-09-04',null,4,150757,16583,10021),
('2014-09-17',null,5,100680,8054,10034),
('2014-09-29',null,4,76874,12300,10035),
('2014-10-13',null,5,42000,10218,10039),
('2014-12-14',null,3,74904,5243,10041),
('2015-03-07',null,2,57460,9194,10052),
('2015-11-19',null,3,42100,11663,10066),
('2015-11-20',null,4,100481,12058,10099),
('2015-12-08',null,5,106644,11731,10101),
('2015-12-09',null,3,46000,18187,10103),
('2016-02-29',null,4,43050,6623,10104),
('2016-07-19',null,4,34948,6291,10112),
('2016-08-06',null,4,78453,3923,10131),
('2016-09-26',null,5,43050,13337,10137),
('2016-11-16',null,3,80231,12035,10141),
('2017-04-01',null,5,42000,4141,10148),
('2017-04-15',null,3,42100,11663,10171),
('2017-04-22',null,3,46000,18187,10175),
('2017-05-05',null,5,156605,12528,10176),
('2017-07-02',null,5,43050,6623,10179),
('2017-08-20',null,5,51110,2556,10185),
('2017-10-13',null,3,98456,19691,10189),
('2017-12-02',null,3,101026,12123,10196),
('2014-01-08',null,4,116978,5317,10200),
('2014-02-02',null,3,183953,10034,10002),
('2014-04-18',null,4,47141,6428,10006),
('2014-05-13',null,4,83190,13310,10013),
('2014-06-10',null,3,91997,8363,10017),
('2014-06-21',null,3,37819,4813,10019),
('2014-09-04',null,4,165833,16583,10021),
('2014-09-17',null,5,100680,8054,10034),
('2018-09-25',null,5,42000,4914,10035),
('2014-09-29',null,4,84561,12300,10037),
('2014-10-13',null,5,78733,10218,10039),
('2014-12-14',null,3,82394,5243,10041),
('2015-03-07',null,2,63206,9194,10052),
('2015-11-19',null,3,52013,11663,10066),
('2015-11-20',null,4,110529,12058,10099),
('2015-12-08',null,5,117308,11731,10101),
('2015-12-09',null,3,49000,18187,10103),
('2016-02-29',null,4,42000,6623,10104),
('2016-07-19',null,4,38443,6291,10112),
('2016-08-06',null,4,86298,3923,10131),
('2016-09-26',null,5,43050,13337,10137),
('2016-11-16',null,3,88254,12035,10141),
('2017-04-01',null,5,83190,15260,10148),
('2017-10-13',null,3,42000,12354,10171),
('2017-04-22',null,3,42100,16726,10175),
('2017-05-05',null,5,172266,12528,10176),
('2017-07-02',null,5,46000,11474,10179),
('2017-08-20',null,5,56221,2556,10185),
('2017-10-13',null,3,43050,19691,10189),
('2017-12-02',null,3,111129,12123,10196),
('2018-03-30',null,4,79188,11015,10200),
('2018-08-10',null,5,97788,6359,10214),
('2019-07-21',null,2,37500,46584,10228),
('2018-08-10',null,5,98456,5320,10284),
('2018-08-10',null,4,63020,6359,10289),
('2017-10-13',null,3,61020,6359,10294),
('2017-04-22',null,5,147174,6359,10295),
('2014-01-08',null,4,138247,5317,10307),
('2014-02-02',null,3,217399,10034,10002),
('2014-04-18',null,4,55712,6428,10006),
('2014-05-13',null,4,96050,13310,10013),
('2014-06-10',null,3,108724,8363,10017),
('2014-09-25',null,5,56000,4914,10019),
('2014-09-29',null,4,99936,12300,10037),
('2014-10-13',null,5,82000,10218,10039),
('2014-12-14',null,3,97375,5243,10041),
('2015-03-07',null,2,74698,9194,10052),
('2015-11-19',null,3,56010,11663,10066),
('2015-11-20',null,4,130625,12058,10099),
('2015-12-09',null,3,52000,18187,10101),
('2016-02-29',null,4,44000,6623,10104),
('2016-08-06',null,4,101989,3923,10112),
('2016-09-26',null,5,46000,13337,10137),
('2016-11-16',null,3,104300,12035,10141),
('2017-04-01',null,5,93020,15260,10148),
('2017-04-15',null,3,45010,12354,10171),
('2017-04-22',null,3,44200,16726,10175),
('2017-05-05',null,5,203587,12528,10176),
('2017-07-02',null,5,48000,11474,10179),
('2017-08-20',null,5,66443,2556,10185),
('2017-10-13',null,3,46020,19691,10189),
('2017-12-02',null,3,131334,12123,10196),
('2018-03-30',null,4,81020,11015,10200),
('2018-08-10',null,5,99000,6359,10214),
('2019-01-02',null,3,118552,11855,10228),
('2019-01-15',null,5,109200,15120,10251),
('2019-02-02',null,4,121070,7450,10255),
('2019-02-22',null,5,72000,16888,10257),
('2019-07-21',null,3,46584,2867,10260),
('2019-08-08',null,5,68000,14821,10284),
('2019-09-08',null,4,98000,10589,10289),
('2019-09-25',null,3,148000,20687,10294),
('2019-12-12',null,5,56800,10189,10295),
('2014-02-08',null,4,62198,11196,10307),
('2014-04-21',null,4,58883,4122,10008),
('2014-06-27',null,3,42782,8129,10014),
('2014-08-04',null,3,63200,10112,10022),
('2014-08-31',null,5,80618,12093,10025),
('2015-01-08',null,5,62017,6822,10032),
('2015-02-15',null,3,51895,6746,10058),
('2015-05-07',null,4,34787,4870,10063),
('2015-05-14',null,5,39648,3965,10073),
('2015-06-04',null,5,82325,10702,10076),
('2015-06-18',null,3,69607,9049,10078),
('2015-06-20',null,3,66454,7310,10082),
('2015-06-29',null,5,92019,11962,10083),
('2015-09-30',null,3,67523,9453,10085),
('2016-03-01',null,5,64209,6421,10094),
('2016-04-27',null,3,77634,13974,10114),
('2016-05-28',null,4,67598,4732,10122),
('2016-07-02',null,5,64606,5168,10126),
('2016-07-30',null,4,50910,6109,10130),
('2016-08-13',null,3,89572,8957,10133),
('2016-09-29',null,4,39884,4387,10138),
('2016-11-25',null,5,72828,9468,10142),
('2017-04-05',null,4,59745,2987,10150),
('2017-06-13',null,3,89566,8957,10172),
('2017-06-15',null,3,36397,6187,10183),
('2017-12-30',null,3,30178,1509,10184),
('2014-02-08',null,4,68418,11196,10204),
('2014-04-21',null,4,64771,4122,10008),
('2014-06-27',null,3,47060,8129,10014),
('2014-08-04',null,3,69520,10112,10022),
('2014-08-31',null,5,88680,12093,10025),
('2015-01-08',null,5,68219,6822,10032),
('2015-02-15',null,3,57085,6746,10058),
('2015-05-07',null,4,38266,4870,10063),
('2015-05-14',null,5,43613,3965,10073),
('2015-06-04',null,5,90558,10702,10076),
('2015-06-18',null,3,76568,9049,10078),
('2015-06-20',null,3,73099,7310,10082),
('2015-06-29',null,5,101221,11962,10083),
('2015-09-30',null,3,74275,9453,10085),
('2016-03-01',null,5,70630,6421,10094),
('2016-04-27',null,3,85397,13974,10114),
('2016-05-28',null,4,74358,4732,10122),
('2016-07-02',null,5,71067,5168,10126),
('2016-07-30',null,4,56001,6109,10130),
('2016-08-13',null,3,98529,8957,10133),
('2016-09-29',null,4,43872,4387,10138),
('2016-11-25',null,5,80111,9468,10142),
('2017-04-05',null,4,65720,2987,10150),
('2017-06-13',null,3,98523,8957,10172),
('2017-06-15',null,3,40037,6187,10183),
('2017-12-30',null,3,33196,1509,10184),
('2018-05-28',null,3,85700,6233,10204),
('2018-08-23',null,4,75897,10350,10223),
('2018-08-27',null,3,86334,13342,10234),
('2018-09-20',null,3,71937,3270,10237),
('2018-12-23',null,5,68094,10524,10240),
('2019-05-28',null,3,57890,77301,10249),
('2019-06-02',null,2,42750,102774,10275),
('2019-06-05',null,2,42750,49631,10277),
('2019-08-02',null,2,37500,92717,10278),
('2019-08-03',null,3,42000,49743,10287),
('2019-08-30',null,3,92846,0,10288),
('2019-12-03',null,4,94344,0,10293),
('2014-02-08',null,4,80857,11196,10305),
('2014-04-21',null,4,76548,4122,10008),
('2014-06-27',null,3,55617,8129,10014),
('2014-08-31',null,5,104803,12093,10022),
('2015-01-08',null,5,80622,6822,10032),
('2015-05-07',null,4,45223,4870,10058),
('2015-05-14',null,5,51542,3965,10073),
('2015-06-04',null,5,107023,10702,10076),
('2015-06-18',null,3,90489,9049,10078),
('2015-06-20',null,3,86390,7310,10082),
('2015-06-29',null,5,119625,11962,10083),
('2015-09-30',null,3,87780,9453,10085),
('2016-03-01',null,5,83472,6421,10094),
('2016-04-27',null,3,100924,13974,10114),
('2016-05-28',null,4,87877,4732,10122),
('2016-07-02',null,5,83988,5168,10126),
('2016-07-30',null,4,66183,6109,10130),
('2016-08-13',null,3,116444,8957,10133),
('2016-09-29',null,4,51849,4387,10138),
('2016-11-25',null,5,94676,9468,10142),
('2017-04-05',null,4,77669,2987,10150),
('2017-06-15',null,3,47316,6187,10172),
('2017-12-30',null,3,39231,1509,10184),
('2018-05-28',null,3,101282,6233,10204),
('2018-08-23',null,4,89696,10350,10223),
('2018-08-27',null,3,102031,13342,10234),
('2018-09-20',null,3,85016,3270,10237),
('2018-12-23',null,5,80475,10524,10240),
('2019-01-07',null,5,104121,12815,10249),
('2019-02-20',null,3,94624,9462,10252),
('2019-04-05',null,3,101559,4687,10259),
('2019-05-28',null,3,77301,11892,10264),
('2019-06-02',null,4,102774,10277,10275),
('2019-06-05',null,4,49631,6490,10277),
('2019-08-02',null,3,92717,10698,10278),
('2019-08-03',null,5,49743,2678,10287),
('2019-08-30',null,3,92846,9285,10288),
('2019-12-03',null,4,94344,6531,10293),
('2014-09-22',null,3,68934,13787,10305),
('2014-12-04',null,4,80154,9618,10036),
('2014-12-10',null,4,64469,8381,10046),
('2014-12-16',null,5,82478,4124,10049),
('2015-03-19',null,3,76358,3818,10053),
('2015-03-27',null,3,68278,4097,10068),
('2015-04-25',null,5,73432,7343,10070),
('2015-11-16',null,5,61468,10450,10072),
('2015-12-09',null,3,80309,7228,10098),
('2016-02-08',null,3,69797,9772,10105),
('2016-04-21',null,3,75696,5299,10110),
('2016-05-29',null,4,72918,8750,10121),
('2016-07-20',null,3,70159,11225,10127),
('2016-08-02',null,5,78148,6252,10132),
('2016-10-31',null,5,69062,8978,10135),
('2017-01-13',null,4,78048,14049,10146),
('2017-04-23',null,4,69982,11197,10157),
('2017-09-06',null,5,75490,6039,10177),
('2017-09-16',null,4,60606,12121,10190),
('2014-09-22',null,3,75827,13787,10191),
('2014-12-04',null,4,88169,9618,10036),
('2014-12-10',null,4,70916,8381,10046),
('2014-12-16',null,5,90726,4124,10049),
('2015-03-19',null,3,83994,3818,10053),
('2015-03-27',null,3,75106,4097,10068),
('2015-04-25',null,5,80775,7343,10070),
('2015-11-16',null,5,67615,10450,10072),
('2015-12-09',null,3,88340,7228,10098),
('2016-02-08',null,3,76777,9772,10105),
('2016-04-21',null,3,83266,5299,10110),
('2016-05-29',null,4,80210,8750,10121),
('2016-07-20',null,3,77175,11225,10127),
('2016-08-02',null,5,85963,6252,10132),
('2016-10-31',null,5,75968,8978,10135),
('2017-01-13',null,4,85853,14049,10146),
('2017-04-23',null,4,76980,11197,10157),
('2017-09-06',null,5,83039,6039,10177),
('2017-09-16',null,4,66667,12121,10190),
('2018-01-13',null,5,67456,9199,10191),
('2018-04-09',null,3,68091,12380,10205),
('2018-05-22',null,5,87651,7171,10217),
('2018-08-10',null,4,66701,5457,10220),
('2018-09-08',null,3,68646,10609,10229),
('2018-09-26',null,3,78599,5002,10238),
('2018-09-27',null,5,80785,7344,10241),
('2018-09-30',null,3,86618,6300,10242),
('2018-10-17',null,3,84542,5380,10244),
('2019-08-21',null,4,104806,0,10246),
('2014-12-16',null,5,107221,4124,10291),
('2015-03-19',null,3,99265,3818,10053),
('2015-11-16',null,5,79908,10450,10068),
('2015-12-09',null,3,104402,7228,10098),
('2016-02-08',null,3,90736,9772,10105),
('2016-04-21',null,3,98405,5299,10110),
('2016-05-29',null,4,94793,8750,10121),
('2016-07-20',null,3,91207,11225,10127),
('2016-08-02',null,5,101592,6252,10132),
('2016-10-31',null,5,89781,8978,10135),
('2017-01-13',null,4,101462,14049,10146),
('2017-04-23',null,4,90977,11197,10157),
('2017-09-06',null,5,98137,6039,10177),
('2017-09-16',null,4,78788,12121,10190),
('2018-01-13',null,5,79721,9199,10191),
('2018-04-09',null,3,80471,12380,10205),
('2018-05-22',null,5,103588,7171,10217),
('2018-08-10',null,4,78828,5457,10220),
('2018-09-08',null,3,81127,10609,10229),
('2018-09-26',null,3,92890,5002,10238),
('2018-09-27',null,5,95473,7344,10241),
('2018-09-30',null,3,102367,6300,10242),
('2018-10-17',null,3,99913,5380,10244),
('2019-01-13',null,5,93639,12245,10246),
('2019-01-24',null,5,84535,3251,10254),
('2019-04-11',null,3,100831,6205,10256),
('2019-08-21',null,4,104806,12093,10266),
('2014-01-24','2017-09-10',3,45849,8253,10291),
('2014-04-10','2017-06-10',5,44954,3147,10004),
('2014-04-16','2017-10-13',4,42683,3415,10010),
('2014-05-09','2017-10-05',3,55491,3329,10012),
('2014-06-12','2017-02-11',4,43864,7018,10016),
('2014-08-08','2017-10-03',5,58969,2948,10020),
('2014-08-28','2017-06-02',5,72142,14428,10026),
('2014-12-28','2017-11-06',4,48428,5811,10031),
('2015-02-22','2017-11-05',3,50984,5098,10056),
('2015-03-24','2017-01-01',5,57175,7433,10064),
('2015-05-08','2017-10-15',4,69643,8357,10069),
('2015-08-16','2017-10-13',5,50193,9537,10074),
('2015-08-31','2017-03-27',4,56130,11226,10089),
('2015-11-07','2017-07-13',5,77770,15554,10093),
('2016-01-13','2017-03-14',3,67571,4054,10097),
('2016-01-24','2017-04-06',4,66377,13275,10107),
('2016-06-30','2017-01-05',4,44750,7608,10108),
('2016-08-01','2017-10-14',5,43050,10178,10129),
('2016-12-06','2017-05-05',5,83190,17302,10134),
('2016-12-28','2017-06-30',5,53209,7449,10151),
('2017-02-20','2017-11-22',3,60928,10967,10154),
('2017-03-07','2017-05-25',4,59353,4748,10162),
('2017-03-20','2017-07-29',3,41367,6205,10165),
('2017-03-24','2017-09-02',5,59132,4139,10168),
('2017-05-01','2018-05-07',5,47071,2354,10169),
('2017-05-05','2018-04-19',3,75052,12008,10178),
('2017-05-25','2018-09-11',3,50335,2517,10180),
('2017-07-13','2017-09-05',5,79188,15046,10182),
('2017-08-16','2018-05-26',5,80407,5628,10187),
('2017-09-20','2018-08-27',5,58831,3530,10188),
('2017-10-13','2017-10-03',3,97788,15646,10192),
('2017-10-22','2018-05-20',5,53674,5904,10195),
('2014-01-08','2018-12-14',3,63377,10947,10197),
('2014-04-10','2018-05-21',5,49449,3147,10001),
('2014-05-09','2018-04-28',3,61040,3329,10010),
('2014-08-08','2018-07-12',5,64866,2948,10016),
('2015-05-08','2018-02-20',4,76607,8357,10026),
('2015-08-16','2018-01-28',5,55212,9537,10074),
('2015-11-07','2018-06-22',5,85547,15554,10089),
('2017-02-20','2018-08-14',3,67021,10967,10097),
('2017-10-22','2018-08-12',5,59041,5904,10162),
('2018-02-05','2018-05-07',4,88417,8038,10197),
('2018-03-10','2018-04-19',3,89448,7318,10208),
('2018-03-17','2018-09-11',3,58917,10177,10210),
('2018-04-07','2018-04-29',3,66315,8440,10212),
('2018-04-14','2018-05-26',4,59811,4894,10216),
('2018-05-26','2018-08-27',3,47003,5982,10218),
('2018-08-12','2018-08-19',5,89628,5704,10222),
('2018-08-20','2018-09-24',5,77897,6373,10230),
('2018-08-26','2018-12-14',4,64012,11057,10233),
('2018-10-07','2018-03-09',4,57357,9907,10236),
('2019-05-21','2019-11-23',3,37500,91438,10245),
('2019-05-30','2019-09-08',5,42800,75919,10273),
('2019-06-28','2019-10-21',4,42800,77856,10276),
('2019-07-01','2019-08-14',5,52500,73927,10279),
('2019-07-03','2019-10-16',3,62750,55614,10280),
('2019-07-19','2019-02-26',3,37500,89103,10281),
('2019-08-20','2019-09-17',3,92010,0,10283),
('2019-10-19','2019-03-05',3,77329,0,10290),
('2019-11-03','2019-06-01',5,76843,0,10298),
('2019-11-14','2019-12-15',4,65157,0,10301),
('2019-11-26','2019-12-10',5,77822,0,10302),
('2016-09-26','2019-12-25',1,96050,6359,10303),
('2014-02-09','2019-08-22',4,54644,6305,10306),
('2014-04-10','2019-08-24',5,58440,3147,10009),
('2014-04-13','2019-05-13',4,79686,3678,10010),
('2014-05-09','2019-07-18',3,72138,3329,10011),
('2014-08-04','2019-11-23',3,82160,10112,10016),
('2014-08-08','2019-03-20',5,76660,2948,10025),
('2014-08-15','2019-09-08',4,55002,2115,10026),
('2014-09-04','2019-10-21',4,195984,16583,10029),
('2014-09-17','2019-08-14',5,110000,8054,10034),
('2014-09-22','2019-10-16',3,89614,13787,10035),
('2014-12-04','2019-09-17',4,104200,9618,10036),
('2015-04-09','2019-12-15',4,59836,2762,10046),
('2015-04-25','2019-12-10',5,95462,7343,10071),
('2015-05-08','2019-07-25',4,90536,8357,10072),
('2015-08-16','2019-03-30',5,65251,9537,10074),
('2015-11-07','2019-04-11',5,101101,15554,10089),
('2015-12-08','2019-06-10',5,138637,11731,10097),
('2017-02-20','2019-05-03',3,79206,10967,10103),
('2017-10-08','2019-06-06',2,105758,13830,10162),
('2017-10-22','2019-04-14',5,69776,5904,10193),
('2018-04-07','2019-01-09',3,78372,8440,10197),
('2018-08-20','2019-03-04',5,92060,6373,10216),
('2018-10-07','2019-01-31',4,67786,9907,10233),
('2019-02-02','2019-08-19',5,103124,10312,10245),
('2019-02-23','2019-08-22',5,70714,9791,10258),
('2019-03-30','2019-08-24',4,60011,6001,10261),
('2019-04-03','2019-05-13',5,64238,2471,10262),
('2019-05-21','2019-11-23',5,91438,4220,10263),
('2019-05-30','2019-09-08',4,75919,7592,10273),
('2019-06-28','2019-10-21',5,77856,8384,10276),
('2019-07-01','2019-08-14',3,73927,6255,10279),
('2019-07-03','2019-10-16',4,55614,8128,10280),
('2019-07-19','2019-02-26',3,89103,13708,10281),
('2019-08-20','2019-09-17',3,92010,12032,10283),
('2019-10-19','2019-03-05',3,77329,11897,10290),
('2019-11-03','2019-06-01',5,76843,8867,10298),
('2019-11-14','2019-12-15',4,65157,6015,10301),
('2019-11-26','2019-12-10',5,77822,9578,10302),
('2019-12-10','2019-12-25',1,56200,18309,10303);